{
  "project_info": {
    "project_number": "846477171656",
    "project_id": "gd6-c-0639-2ca21",
    "storage_bucket": "gd6-c-0639-2ca21.appspot.com"
  },
  "client": [
    {
      "client_info": {
        "mobilesdk_app_id": "1:846477171656:android:c324295d34084212db3efd",
        "android_client_info": {
          "package_name": "com.tian.gd6_c_0639"
        }
      },
      "oauth_client": [
        {
          "client_id": "846477171656-ellr7spvp4g8kslrmnnobth3eof3h5o6.apps.googleusercontent.com",
          "client_type": 3
        }
      ],
      "api_key": [
        {
          "current_key": "AIzaSyDF8r1-WDLTqT29xrZ75D99uN8shcpJeN8"
        }
      ],
      "services": {
        "appinvite_service": {
          "other_platform_oauth_client": [
            {
              "client_id": "846477171656-ellr7spvp4g8kslrmnnobth3eof3h5o6.apps.googleusercontent.com",
              "client_type": 3
            }
          ]
        }
      }
    }
  ],
  "configuration_version": "1"
}